{"cameraMode":{"drawMode":0,"name":"Shaded","section":"Shading Mode"},"sceneLighting":false,"audioPlay":false,"sceneViewState":{"showFog":true,"showMaterialUpdate":true,"showSkybox":false,"showFlares":true,"showImageEffects":true,"showParticleSystems":true},"in2DMode":false,"pivot":{"x":63.34000015258789,"y":2.053999900817871,"z":-74.76399993896485},"rotation":{"x":0.31110048294067385,"y":0.6280398964881897,"z":-0.3024561107158661,"w":0.645989716053009},"size":323.4308166503906,"orthographic":false}