{"cameraMode":{"drawMode":0,"name":"Shaded","section":"Shading Mode"},"sceneLighting":true,"audioPlay":false,"sceneViewState":{"showFog":true,"showMaterialUpdate":true,"showSkybox":false,"showFlares":true,"showImageEffects":true,"showParticleSystems":true},"in2DMode":false,"pivot":{"x":19.59454917907715,"y":-2101.275390625,"z":928.0093383789063},"rotation":{"x":0.5360479950904846,"y":0.011656997725367546,"z":-0.007403704337775707,"w":0.8440746068954468},"size":2395.792724609375,"orthographic":false}