{"cameraMode":{"drawMode":0,"name":"Shaded","section":"Shading Mode"},"sceneLighting":false,"audioPlay":false,"sceneViewState":{"showFog":true,"showMaterialUpdate":true,"showSkybox":false,"showFlares":true,"showImageEffects":true,"showParticleSystems":true},"in2DMode":false,"pivot":{"x":-694.0131225585938,"y":-1165.1224365234375,"z":1713.9456787109375},"rotation":{"x":0.25765156745910647,"y":-0.18808795511722566,"z":0.0512072816491127,"w":0.9463701248168945},"size":2395.792724609375,"orthographic":false}